{"debt consolidation": 0.7871238120380147, "other": 0.09173706441393875, "home improvements": 0.05870512143611405, "business loan": 0.015278511087645195, "buy a car": 0.012770591341077086, "medical bills": 0.011384635691657867, "buy house": 0.00646779303062302, "take a trip": 0.00504883843717001, "major_purchase": 0.0034648891235480464, "small_business": 0.0029369060190073916, "moving": 0.0016829461457233369, "wedding": 0.0013199577613516368, "vacation": 0.0010889651531151004, "educational expenses": 0.0008909714889123548, "renewable_energy": 9.899683210137276e-05}