{"rf_train": {"dataset size": 15264, "positive rate": 0.7576650943396226, "accuracy": 0.8986504192872118, "f1": 0.9362140766090793, "precision": 0.894782471626734, "recall": 0.9816688283614353, "auc": 0.9669825347451965}, "rf_test": {"dataset size": 6688, "positive rate": 0.7764653110047847, "accuracy": 0.9020633971291866, "f1": 0.9394471664971803, "precision": 0.9034495021337127, "recall": 0.9784325052955902, "auc": 0.9377489764649738}, "gb_train": {"dataset size": 15264, "positive rate": 0.7576650943396226, "accuracy": 0.9962657232704403, "f1": 0.9975417259671367, "precision": 0.9950955085183273, "recall": 1.0, "auc": 0.9999966104813035}, "gb_test": {"dataset size": 6688, "positive rate": 0.7764653110047847, "accuracy": 0.8920454545454546, "f1": 0.9325233644859813, "precision": 0.9059378972217178, "recall": 0.9607163489312536, "auc": 0.932639319588306}, "final_model": "rf"}